subset_id,split,selection_seed,date_bucket,image_relpath,annotation_relpath,weather,acquisition_date,capture_time,width,height,parking_space_count,labeled_space_count,unlabeled_space_count,occupied_count,vacant_count,occupancy_ratio,image_sha256,annotation_sha256,validation_status
ufpr04_balanced_v1,smoke,20260902,3,Sunny/2013-01-18/2013-01-18_07_55_03.jpg,Sunny/2013-01-18/2013-01-18_07_55_03.xml,Sunny,2013-01-18,07:55:03,1280,720,28,28,0,1,27,0.035714,28daa462e95d34f5ec4e76081ab67063bbdd67c6bd534f7707af5d1979e7fbab,25678cd7266b494a03fdac1de56cd6c3a383091fbcc020e4c15f6c635e8d0693,valid
ufpr04_balanced_v1,smoke,20260902,3,Sunny/2013-01-18/2013-01-18_08_25_03.jpg,Sunny/2013-01-18/2013-01-18_08_25_03.xml,Sunny,2013-01-18,08:25:03,1280,720,28,28,0,0,28,0.000000,223447c2532c30c86ebfffc6960fcdb5d3e7d5e882516de77b50b743d8eaa12b,132803bcd1b58256420ed6efd95d7c5477c2435426d90f2e8530b32844dcd206,valid
ufpr04_balanced_v1,smoke,20260902,3,Sunny/2013-01-18/2013-01-18_09_40_05.jpg,Sunny/2013-01-18/2013-01-18_09_40_05.xml,Sunny,2013-01-18,09:40:05,1280,720,28,28,0,5,23,0.178571,9406b15f6846aee790c25333337e12249aa889bdb2ca07e48ed29815d66ce48f,1a219cf9fdf233276ea9454d86a26fe749e87f50d3afad29f2df0477e7628e61,valid
ufpr04_balanced_v1,smoke,20260902,3,Sunny/2013-01-18/2013-01-18_10_25_06.jpg,Sunny/2013-01-18/2013-01-18_10_25_06.xml,Sunny,2013-01-18,10:25:06,1280,720,28,28,0,6,22,0.214286,a439b28cb28b27acfc61e9a7c3040bd178f96419816896b2e43fce367da2eb6e,6d4d89fc9984714ecf1b0d5d35d0be918fdc7e8a425df10a2ebe1afd423c44e1,valid
ufpr04_balanced_v1,smoke,20260902,3,Sunny/2013-01-18/2013-01-18_11_40_07.jpg,Sunny/2013-01-18/2013-01-18_11_40_07.xml,Sunny,2013-01-18,11:40:07,1280,720,28,28,0,6,22,0.214286,3b750de0f496afdcafda2aac12d79b93def3905c958fd54fc60c3519702a53f4,9f99357ede45c969fb15754b33d90eedad894bfe657c28178544225fe24cad35,valid
ufpr04_balanced_v1,smoke,20260902,3,Sunny/2013-01-18/2013-01-18_12_25_08.jpg,Sunny/2013-01-18/2013-01-18_12_25_08.xml,Sunny,2013-01-18,12:25:08,1280,720,28,28,0,4,24,0.142857,9060e9559c7c2ef24ec24ae524ca89230d9c0c480b42230d761a42c70ed36532,fea25c947bbeb643e54b4bf458312bf952b4d0b24b53a6086ab6fa9f09b63186,valid
ufpr04_balanced_v1,smoke,20260902,3,Sunny/2013-01-18/2013-01-18_13_10_09.jpg,Sunny/2013-01-18/2013-01-18_13_10_09.xml,Sunny,2013-01-18,13:10:09,1280,720,28,28,0,5,23,0.178571,ec66405101ad1b5c3d34805471dba8f1eec9878fc939956bc9bad141235c9226,34cc1acf5acaeacff047557455321d4f0b1f96ec06cbb96bdf6de1372637b42c,valid
ufpr04_balanced_v1,smoke,20260902,3,Sunny/2013-01-18/2013-01-18_14_10_10.jpg,Sunny/2013-01-18/2013-01-18_14_10_10.xml,Sunny,2013-01-18,14:10:10,1280,720,28,28,0,5,23,0.178571,0026ff854b8082343081525dd37da4ad7667bddd4df160a0ae33ad4f341812bb,1a3a091e3ba73625e147590f875521333c4b9dbfe3a5788b6a3aaab328f53403,valid
ufpr04_balanced_v1,smoke,20260902,3,Sunny/2013-01-18/2013-01-18_14_40_10.jpg,Sunny/2013-01-18/2013-01-18_14_40_10.xml,Sunny,2013-01-18,14:40:10,1280,720,28,28,0,5,23,0.178571,9ce0d6013ffd26f71e56778cf3bc9e3720afd09be26eb73d28397086a46183f3,40e164f1f4e63d3e0e56a7830413a4cd4f7c19ba2946a46e31a9b0d0924003f3,valid
ufpr04_balanced_v1,smoke,20260902,3,Sunny/2013-01-18/2013-01-18_16_25_12.jpg,Sunny/2013-01-18/2013-01-18_16_25_12.xml,Sunny,2013-01-18,16:25:12,1280,720,28,28,0,5,23,0.178571,d2455cd5e79bd0d985c8d2c6c7a23a5add233a0df25b09f4ff83950ee6965fa0,c3cc3226bfffae1073cdada3f8fa810062f2995322ff800fddb29b0666b85f87,valid
ufpr04_balanced_v1,smoke,20260902,3,Cloudy/2013-01-22/2013-01-22_12_45_08.jpg,Cloudy/2013-01-22/2013-01-22_12_45_08.xml,Cloudy,2013-01-22,12:45:08,1280,720,28,28,0,22,6,0.785714,18c104ea258c19ac516cbc604e218649febfa07791b623038c18ddc47e50cf66,d4e73efc24997737a8256e48b86914e2338be3392c49ff10d067379804f0dda1,valid
ufpr04_balanced_v1,smoke,20260902,3,Cloudy/2013-01-22/2013-01-22_13_15_08.jpg,Cloudy/2013-01-22/2013-01-22_13_15_08.xml,Cloudy,2013-01-22,13:15:08,1280,720,28,28,0,23,5,0.821429,e3c75a02cf424ced12887d93e798ab22ebd45a302717b4cdff452ff9f46b0193,6da58183796852bc999eb0124faecc38ab68da878cd13e87e495338aada088c6,valid
ufpr04_balanced_v1,smoke,20260902,3,Cloudy/2013-01-22/2013-01-22_14_15_09.jpg,Cloudy/2013-01-22/2013-01-22_14_15_09.xml,Cloudy,2013-01-22,14:15:09,1280,720,28,28,0,28,0,1.000000,6b2c4cf7eefea7c6a1ab979d8d1bfc6213c4539cac7b4e009a79727ae7c37d4e,0b039dc1755d39cd9d29a8f5c220aeff2d7f322a7d78ba287c466568e0561175,valid
ufpr04_balanced_v1,smoke,20260902,3,Cloudy/2013-01-22/2013-01-22_15_00_10.jpg,Cloudy/2013-01-22/2013-01-22_15_00_10.xml,Cloudy,2013-01-22,15:00:10,1280,720,28,28,0,28,0,1.000000,e321fe8c50c65b5291ba901e527ae3e290c1f3a5f0fb699160ceff75ffeedd0f,0b039dc1755d39cd9d29a8f5c220aeff2d7f322a7d78ba287c466568e0561175,valid
ufpr04_balanced_v1,smoke,20260902,3,Cloudy/2013-01-22/2013-01-22_16_30_11.jpg,Cloudy/2013-01-22/2013-01-22_16_30_11.xml,Cloudy,2013-01-22,16:30:11,1280,720,28,28,0,26,2,0.928571,6f53ca5b4e1aef9f40ff38dc96dc1325585b4c8c9c6e2a34053e2a588dd86a6c,1f4f87ec96e2f7ce6b531d8e4875c9323508d31a4a81adb9d462538ff824891a,valid
ufpr04_balanced_v1,smoke,20260902,3,Cloudy/2013-01-22/2013-01-22_17_30_12.jpg,Cloudy/2013-01-22/2013-01-22_17_30_12.xml,Cloudy,2013-01-22,17:30:12,1280,720,28,28,0,22,6,0.785714,573bb268cc5dcc034d963d66910b4412688eb4312119e4df64550e27e86d0f9d,6d7258d61cbe0c1ddaf14271291da1b05d43ff09ba68910cb9c1844b47505360,valid
ufpr04_balanced_v1,smoke,20260902,3,Cloudy/2013-01-22/2013-01-22_17_45_13.jpg,Cloudy/2013-01-22/2013-01-22_17_45_13.xml,Cloudy,2013-01-22,17:45:13,1280,720,28,28,0,24,4,0.857143,5526ed74ce7e6a1c7bdb3cf923569655330a498409172ab2270b2d14f17398ac,3d48450178a87ccc54cbb915d22ac4537454278d31d4449b0a6784819d6fca10,valid
ufpr04_balanced_v1,smoke,20260902,3,Cloudy/2013-01-22/2013-01-22_18_45_14.jpg,Cloudy/2013-01-22/2013-01-22_18_45_14.xml,Cloudy,2013-01-22,18:45:14,1280,720,28,28,0,19,9,0.678571,9b202835c9aa2fcbac980986b83e380d1b0eaf5c97f60b29c5271f40250713d6,073635285ce974122a901391666bfafb987af4774be89ec964c8b185b3a8ef69,valid
ufpr04_balanced_v1,smoke,20260902,3,Cloudy/2013-01-22/2013-01-22_20_00_15.jpg,Cloudy/2013-01-22/2013-01-22_20_00_15.xml,Cloudy,2013-01-22,20:00:15,1280,720,28,28,0,28,0,1.000000,b56b459a78fd75531079bcb2239966e2b52ab4c4c2167270dad337a0582465f0,0b039dc1755d39cd9d29a8f5c220aeff2d7f322a7d78ba287c466568e0561175,valid
ufpr04_balanced_v1,smoke,20260902,3,Cloudy/2013-01-22/2013-01-22_21_15_16.jpg,Cloudy/2013-01-22/2013-01-22_21_15_16.xml,Cloudy,2013-01-22,21:15:16,1280,720,28,28,0,23,5,0.821429,862676ef3b86b7c5df8c8d3e67379c9d86288085c6e40fa45d4ca2d2a6d8b3d0,2d2e951e2dcc05a954fd8c029385840ce9d6ffc4eb7d9971c37ba0b602c2c9fd,valid
ufpr04_balanced_v1,smoke,20260902,1,Rainy/2012-12-26/2012-12-26_15_35_11.jpg,Rainy/2012-12-26/2012-12-26_15_35_11.xml,Rainy,2012-12-26,15:35:11,1280,720,28,28,0,0,28,0.000000,844fbd92dcfd8ef6738a3185f926e5fde2a23329ef768cb7f944e828db7b2cfc,5b32d20b8db9d150ad316af2d8aa489f031ccfb2613a7c540b431f6562218612,valid
ufpr04_balanced_v1,smoke,20260902,1,Rainy/2012-12-26/2012-12-26_16_25_12.jpg,Rainy/2012-12-26/2012-12-26_16_25_12.xml,Rainy,2012-12-26,16:25:12,1280,720,28,28,0,0,28,0.000000,f0f9dd46cfbf570cdadeb87d46ad159cfa4aa56befd5c9972b10e36a98c812a2,5b32d20b8db9d150ad316af2d8aa489f031ccfb2613a7c540b431f6562218612,valid
ufpr04_balanced_v1,smoke,20260902,1,Rainy/2012-12-26/2012-12-26_16_40_13.jpg,Rainy/2012-12-26/2012-12-26_16_40_13.xml,Rainy,2012-12-26,16:40:13,1280,720,28,28,0,0,28,0.000000,fdb0136378b385e2cc45628e518ad62fb60e8bfcab2b9bb59801df13370830e7,5b32d20b8db9d150ad316af2d8aa489f031ccfb2613a7c540b431f6562218612,valid
ufpr04_balanced_v1,smoke,20260902,1,Rainy/2012-12-26/2012-12-26_17_10_13.jpg,Rainy/2012-12-26/2012-12-26_17_10_13.xml,Rainy,2012-12-26,17:10:13,1280,720,28,28,0,0,28,0.000000,e3a15241bffbf373bf797370de1d81c372e9de66d0d8923b5d2305573d963fa8,5b32d20b8db9d150ad316af2d8aa489f031ccfb2613a7c540b431f6562218612,valid
ufpr04_balanced_v1,smoke,20260902,1,Rainy/2012-12-26/2012-12-26_17_40_14.jpg,Rainy/2012-12-26/2012-12-26_17_40_14.xml,Rainy,2012-12-26,17:40:14,1280,720,28,28,0,0,28,0.000000,22dd6601d41f39694bdd7d69632ac81c55e66ba9f404b706dc93300268e8db34,5b32d20b8db9d150ad316af2d8aa489f031ccfb2613a7c540b431f6562218612,valid
ufpr04_balanced_v1,smoke,20260902,1,Rainy/2012-12-26/2012-12-26_18_10_14.jpg,Rainy/2012-12-26/2012-12-26_18_10_14.xml,Rainy,2012-12-26,18:10:14,1280,720,28,28,0,0,28,0.000000,de2e5185f8b66e89e17f982e5768dd7998a134e6b8270212c9f8bc5190f0eaf0,5b32d20b8db9d150ad316af2d8aa489f031ccfb2613a7c540b431f6562218612,valid
ufpr04_balanced_v1,smoke,20260902,1,Rainy/2012-12-26/2012-12-26_18_25_15.jpg,Rainy/2012-12-26/2012-12-26_18_25_15.xml,Rainy,2012-12-26,18:25:15,1280,720,28,28,0,1,27,0.035714,5f88061c9499a68a12a3478f6238eff4d100124bc38b60f0189e70044721f11e,a2c0b6127637cf8b5d18a71734f74fa24c35d52d7a188482655551babd722f7b,valid
ufpr04_balanced_v1,smoke,20260902,1,Rainy/2012-12-26/2012-12-26_19_10_16.jpg,Rainy/2012-12-26/2012-12-26_19_10_16.xml,Rainy,2012-12-26,19:10:16,1280,720,28,28,0,1,27,0.035714,2c659e8dadedaf621c99844ad2538c6c8385ad930376675fd33e5071c4174624,a2c0b6127637cf8b5d18a71734f74fa24c35d52d7a188482655551babd722f7b,valid
ufpr04_balanced_v1,smoke,20260902,1,Rainy/2012-12-26/2012-12-26_19_25_16.jpg,Rainy/2012-12-26/2012-12-26_19_25_16.xml,Rainy,2012-12-26,19:25:16,1280,720,28,28,0,1,27,0.035714,d23c718c12423e43713c41bc1333beb12589e3f06c8b7ce6331549279b4be8e2,a2c0b6127637cf8b5d18a71734f74fa24c35d52d7a188482655551babd722f7b,valid
ufpr04_balanced_v1,smoke,20260902,1,Rainy/2012-12-26/2012-12-26_19_55_16.jpg,Rainy/2012-12-26/2012-12-26_19_55_16.xml,Rainy,2012-12-26,19:55:16,1280,720,28,28,0,1,27,0.035714,b26b9542c08cc6cc9e2ea47a3564858009335ef5846ca50df49ae722643b05a9,a2c0b6127637cf8b5d18a71734f74fa24c35d52d7a188482655551babd722f7b,valid
ufpr04_balanced_v1,calibration,20260902,2,Sunny/2012-12-21/2012-12-21_09_45_05.jpg,Sunny/2012-12-21/2012-12-21_09_45_05.xml,Sunny,2012-12-21,09:45:05,1280,720,28,28,0,28,0,1.000000,2f6cc1f67511bd9c3a896ab905efbc72492a1790ee73360450b903ab9f98011e,ec615dcd291789ccf1bce97711cbf95f9355bbbcfa724c1b52daa48694415167,valid
ufpr04_balanced_v1,calibration,20260902,2,Sunny/2012-12-21/2012-12-21_10_45_06.jpg,Sunny/2012-12-21/2012-12-21_10_45_06.xml,Sunny,2012-12-21,10:45:06,1280,720,28,28,0,24,4,0.857143,2291bb9f1114f83e9c49e23cee0d24e94c283008de73cb2df1c4e847f8d0290c,9ae307c65f1e9bb65e12c539e126490a4c78d0957a418572ddafed4d677d2742,valid
ufpr04_balanced_v1,calibration,20260902,2,Sunny/2012-12-21/2012-12-21_11_00_06.jpg,Sunny/2012-12-21/2012-12-21_11_00_06.xml,Sunny,2012-12-21,11:00:06,1280,720,28,28,0,25,3,0.892857,de39cdb995c134d1a41fee8418703f7f289e4e89cf79b567cc8e0086a2edbc62,d907af0dcb6ddda0cd5b7be776a289ac71a51da015a219868b96359f483dcced,valid
ufpr04_balanced_v1,calibration,20260902,2,Sunny/2012-12-21/2012-12-21_12_00_07.jpg,Sunny/2012-12-21/2012-12-21_12_00_07.xml,Sunny,2012-12-21,12:00:07,1280,720,28,28,0,25,3,0.892857,01e3f92afcb063070049055cbee8b6ce5e549d289f4afb2c7d2096dce29624b9,0253faba7248989daab2c598476588769e6efeac58ff50dcd7be109b5a58890c,valid
ufpr04_balanced_v1,calibration,20260902,2,Sunny/2012-12-21/2012-12-21_13_00_08.jpg,Sunny/2012-12-21/2012-12-21_13_00_08.xml,Sunny,2012-12-21,13:00:08,1280,720,28,28,0,18,10,0.642857,73c40b66761a4ab1e90014528c910f44a6dccf2803714b8b2de5208dc910c799,73d810033bf923176182d688bd830d8995de5c6b55b4fd908ffa8251fb9ac6b4,valid
ufpr04_balanced_v1,calibration,20260902,2,Sunny/2012-12-21/2012-12-21_14_30_10.jpg,Sunny/2012-12-21/2012-12-21_14_30_10.xml,Sunny,2012-12-21,14:30:10,1280,720,28,28,0,19,9,0.678571,09acf46b703a63dc9b52888349607faa7660b299f19fe1e5b5f88cebc781f2e9,3286138acc584ed4e04542721dc0a146a0da60086f6aa197ad731cf074916d52,valid
ufpr04_balanced_v1,calibration,20260902,2,Sunny/2012-12-21/2012-12-21_14_45_10.jpg,Sunny/2012-12-21/2012-12-21_14_45_10.xml,Sunny,2012-12-21,14:45:10,1280,720,28,28,0,20,8,0.714286,e48b716ad89c8312cf236bcad3cfa587139485957198f96ef17d73c90a95843e,24ddab5e7cff5dfa25d355e2e9913504b73d2295fc3f56d00df61c88fae934a4,valid
ufpr04_balanced_v1,calibration,20260902,2,Sunny/2012-12-21/2012-12-21_15_45_11.jpg,Sunny/2012-12-21/2012-12-21_15_45_11.xml,Sunny,2012-12-21,15:45:11,1280,720,28,28,0,18,10,0.642857,4d61517a8a800b885c0a1980b3a462d5130a30614260ab53899d0902369851c4,b7ad1ddbee77d5aabac07380cd03420f63c2cf2d68614347ff1077c2f658d93c,valid
ufpr04_balanced_v1,calibration,20260902,2,Sunny/2012-12-21/2012-12-21_16_30_12.jpg,Sunny/2012-12-21/2012-12-21_16_30_12.xml,Sunny,2012-12-21,16:30:12,1280,720,28,28,0,16,12,0.571429,eacc5a75ec681af1ebb48cffe79386a0485749c0f96236b7e5bd2907498f43fd,9dfce89682f1b8349ecdcbe526474b37ff209fdd3e734ecd89a0ead27a20ac35,valid
ufpr04_balanced_v1,calibration,20260902,2,Sunny/2012-12-21/2012-12-21_18_00_14.jpg,Sunny/2012-12-21/2012-12-21_18_00_14.xml,Sunny,2012-12-21,18:00:14,1280,720,28,28,0,15,13,0.535714,1ba4e5d3338182ec55c558bf77b7e6afd0576a3023b802fb04e76de600025a5f,335e505acd17217bebdffbfc5da21da86957c71480b0c2fda83c13aaecb7110d,valid
ufpr04_balanced_v1,calibration,20260902,2,Cloudy/2012-12-28/2012-12-28_10_35_06.jpg,Cloudy/2012-12-28/2012-12-28_10_35_06.xml,Cloudy,2012-12-28,10:35:06,1280,720,28,28,0,0,28,0.000000,314f8bf3bc2dff58312f346402fa2cbe35acae3c8e62358a227e34c7b5ebc504,30b9b06f9b231f3ee14692eec37f93cdba12d160c1a9a27b12620083e076173d,valid
ufpr04_balanced_v1,calibration,20260902,2,Cloudy/2012-12-28/2012-12-28_11_50_07.jpg,Cloudy/2012-12-28/2012-12-28_11_50_07.xml,Cloudy,2012-12-28,11:50:07,1280,720,28,28,0,0,28,0.000000,53d5ee4bb7426fdef6c889f8a8678ad63ea227de922b686a2cb8043e54f44fc6,30b9b06f9b231f3ee14692eec37f93cdba12d160c1a9a27b12620083e076173d,valid
ufpr04_balanced_v1,calibration,20260902,2,Cloudy/2012-12-28/2012-12-28_12_35_08.jpg,Cloudy/2012-12-28/2012-12-28_12_35_08.xml,Cloudy,2012-12-28,12:35:08,1280,720,28,28,0,0,28,0.000000,78d8f3bcc656834b0dda222f22b821678b219062045e77454a21ade6ee5b506e,30b9b06f9b231f3ee14692eec37f93cdba12d160c1a9a27b12620083e076173d,valid
ufpr04_balanced_v1,calibration,20260902,2,Cloudy/2012-12-28/2012-12-28_13_50_09.jpg,Cloudy/2012-12-28/2012-12-28_13_50_09.xml,Cloudy,2012-12-28,13:50:09,1280,720,28,28,0,0,28,0.000000,590a6c0678ef4c7e6e45255027bf07e2c81c605b37b745e6ba5ea83236b7fa96,30b9b06f9b231f3ee14692eec37f93cdba12d160c1a9a27b12620083e076173d,valid
ufpr04_balanced_v1,calibration,20260902,2,Cloudy/2012-12-28/2012-12-28_14_20_10.jpg,Cloudy/2012-12-28/2012-12-28_14_20_10.xml,Cloudy,2012-12-28,14:20:10,1280,720,28,28,0,0,28,0.000000,cc8e4f7d683353d59cefe640c5c2a2cade5c2183d8ef38397d4a94101c6587f2,30b9b06f9b231f3ee14692eec37f93cdba12d160c1a9a27b12620083e076173d,valid
ufpr04_balanced_v1,calibration,20260902,2,Cloudy/2012-12-28/2012-12-28_15_35_11.jpg,Cloudy/2012-12-28/2012-12-28_15_35_11.xml,Cloudy,2012-12-28,15:35:11,1280,720,28,28,0,0,28,0.000000,e16c1d20ed9f5e7670af250ce64a36971bf035fba3a3613d3c79f6edb73c1b80,30b9b06f9b231f3ee14692eec37f93cdba12d160c1a9a27b12620083e076173d,valid
ufpr04_balanced_v1,calibration,20260902,2,Cloudy/2012-12-28/2012-12-28_16_50_12.jpg,Cloudy/2012-12-28/2012-12-28_16_50_12.xml,Cloudy,2012-12-28,16:50:12,1280,720,28,28,0,1,27,0.035714,98ccfa0020c3a311ce63e442472a6a65a932e836ecf0f4dd336f81623afd614d,8cf48f8ee7d52de086b398b68f9dca8042dd1c7ba98728016f64349e229bcbb7,valid
ufpr04_balanced_v1,calibration,20260902,2,Cloudy/2012-12-28/2012-12-28_18_05_14.jpg,Cloudy/2012-12-28/2012-12-28_18_05_14.xml,Cloudy,2012-12-28,18:05:14,1280,720,28,28,0,1,27,0.035714,050c7e91095a7f7e544cb441eb478af2045f0382af3177f2efde6172b6505cb6,8cf48f8ee7d52de086b398b68f9dca8042dd1c7ba98728016f64349e229bcbb7,valid
ufpr04_balanced_v1,calibration,20260902,2,Cloudy/2012-12-28/2012-12-28_19_20_15.jpg,Cloudy/2012-12-28/2012-12-28_19_20_15.xml,Cloudy,2012-12-28,19:20:15,1280,720,28,28,0,1,27,0.035714,fa62bc606e893d30d9f657b4eba1312c39985743eb366277f863f179095af5ee,8cf48f8ee7d52de086b398b68f9dca8042dd1c7ba98728016f64349e229bcbb7,valid
ufpr04_balanced_v1,calibration,20260902,2,Cloudy/2012-12-28/2012-12-28_20_50_17.jpg,Cloudy/2012-12-28/2012-12-28_20_50_17.xml,Cloudy,2012-12-28,20:50:17,1280,720,28,28,0,0,28,0.000000,8462f72c90e261dda9fe674d9f7b5e4689b1deb14d9f9ce5ef403f1a87073e0e,30b9b06f9b231f3ee14692eec37f93cdba12d160c1a9a27b12620083e076173d,valid
ufpr04_balanced_v1,calibration,20260902,3,Rainy/2013-01-21/2013-01-21_07_40_02.jpg,Rainy/2013-01-21/2013-01-21_07_40_02.xml,Rainy,2013-01-21,07:40:02,1280,720,28,28,0,0,28,0.000000,41f6082b76f04cfc192ae669e6840146205274dbfcc93f0de7c355fd2ee4b6d9,132803bcd1b58256420ed6efd95d7c5477c2435426d90f2e8530b32844dcd206,valid
ufpr04_balanced_v1,calibration,20260902,3,Rainy/2013-01-21/2013-01-21_07_55_03.jpg,Rainy/2013-01-21/2013-01-21_07_55_03.xml,Rainy,2013-01-21,07:55:03,1280,720,28,28,0,0,28,0.000000,04b5cdaa21da307f579c249914c4c37e94b9f36d55fa7f12bdcf99ceb63f0818,132803bcd1b58256420ed6efd95d7c5477c2435426d90f2e8530b32844dcd206,valid
ufpr04_balanced_v1,calibration,20260902,3,Rainy/2013-01-21/2013-01-21_08_10_03.jpg,Rainy/2013-01-21/2013-01-21_08_10_03.xml,Rainy,2013-01-21,08:10:03,1280,720,28,28,0,3,25,0.107143,e639b52733e6a47d880d2afe30e60a37bc924feb1e34603f8aaabc991895812f,a43759f033d1aaccbd967f82358477e38122e0e6c3fc44772aabb3f4a2e89d62,valid
ufpr04_balanced_v1,calibration,20260902,3,Rainy/2013-01-21/2013-01-21_08_25_03.jpg,Rainy/2013-01-21/2013-01-21_08_25_03.xml,Rainy,2013-01-21,08:25:03,1280,720,28,28,0,25,3,0.892857,e88413a77ccf7f5408d28c9ec3b487ccbb3f205c83d393aa4cb9a5f55c670fe3,f3ca81796a6bf364d3bc88217fa6dc6249e987b28c5406f9ac687f0cfa7eae7c,valid
ufpr04_balanced_v1,calibration,20260902,3,Rainy/2013-01-21/2013-01-21_08_55_04.jpg,Rainy/2013-01-21/2013-01-21_08_55_04.xml,Rainy,2013-01-21,08:55:04,1280,720,28,28,0,28,0,1.000000,642310a5b63d7c94bfefaf2b4dc02e5b2bbfae2dd052d6e9680c349808c27c74,0b039dc1755d39cd9d29a8f5c220aeff2d7f322a7d78ba287c466568e0561175,valid
ufpr04_balanced_v1,calibration,20260902,3,Rainy/2013-01-21/2013-01-21_09_10_04.jpg,Rainy/2013-01-21/2013-01-21_09_10_04.xml,Rainy,2013-01-21,09:10:04,1280,720,28,28,0,28,0,1.000000,661703fa806cfcb5bf0c6c08367397fa0633dbe6649875ed318afeb96b6bdf32,0b039dc1755d39cd9d29a8f5c220aeff2d7f322a7d78ba287c466568e0561175,valid
ufpr04_balanced_v1,calibration,20260902,3,Rainy/2013-01-21/2013-01-21_09_25_04.jpg,Rainy/2013-01-21/2013-01-21_09_25_04.xml,Rainy,2013-01-21,09:25:04,1280,720,28,28,0,28,0,1.000000,79d886d9ac11a83704929acc47e11aada268a7cbda8c66006365e1b337927ecf,0b039dc1755d39cd9d29a8f5c220aeff2d7f322a7d78ba287c466568e0561175,valid
ufpr04_balanced_v1,calibration,20260902,3,Rainy/2013-01-21/2013-01-21_09_40_05.jpg,Rainy/2013-01-21/2013-01-21_09_40_05.xml,Rainy,2013-01-21,09:40:05,1280,720,28,28,0,28,0,1.000000,71a390f56c5972aa5662e8de1353124049ba94773d4de21983eca73d662a4e03,0b039dc1755d39cd9d29a8f5c220aeff2d7f322a7d78ba287c466568e0561175,valid
ufpr04_balanced_v1,calibration,20260902,3,Rainy/2013-01-21/2013-01-21_09_55_05.jpg,Rainy/2013-01-21/2013-01-21_09_55_05.xml,Rainy,2013-01-21,09:55:05,1280,720,28,28,0,28,0,1.000000,1624b71d860a3c6378cbb1300f77277665ebbfdf1e1b4173f2a6d85a02d51eb8,0b039dc1755d39cd9d29a8f5c220aeff2d7f322a7d78ba287c466568e0561175,valid
ufpr04_balanced_v1,calibration,20260902,3,Rainy/2013-01-21/2013-01-21_10_25_05.jpg,Rainy/2013-01-21/2013-01-21_10_25_05.xml,Rainy,2013-01-21,10:25:05,1280,720,28,28,0,28,0,1.000000,6f50263b629489416c75f971f3e03b714b0a45beffa2df09a52596f55b8761d0,0b039dc1755d39cd9d29a8f5c220aeff2d7f322a7d78ba287c466568e0561175,valid
ufpr04_balanced_v1,evaluation,20260902,1,Sunny/2012-12-07/2012-12-07_17_12_25.jpg,Sunny/2012-12-07/2012-12-07_17_12_25.xml,Sunny,2012-12-07,17:12:25,1280,720,28,28,0,27,1,0.964286,5710cffe1b1b6d40897eee13467226d7a45dd8574417813a2a93adfff54eb1fb,306f56db55f97599e331c60e10a51883c3a25921cba12a94d5674d3283dbb4d8,valid
ufpr04_balanced_v1,evaluation,20260902,1,Sunny/2012-12-07/2012-12-07_17_27_25.jpg,Sunny/2012-12-07/2012-12-07_17_27_25.xml,Sunny,2012-12-07,17:27:25,1280,720,28,28,0,26,2,0.928571,8ec36ad93bbac63148dd0f9597b000023e9f814571213ac1594573c0a4bac412,67b769467fd988baff24d96c8dedacf9a206867b6b6cb99dbc81d678bd4da22e,valid
ufpr04_balanced_v1,evaluation,20260902,1,Sunny/2012-12-07/2012-12-07_17_57_26.jpg,Sunny/2012-12-07/2012-12-07_17_57_26.xml,Sunny,2012-12-07,17:57:26,1280,720,28,27,1,22,5,0.814815,f3b36096abf4fd42b54666f64cdfb04dcf99ddb42cedfdd79910170a27911f8d,bc429045c9e977763c226bb66fe22bb415ce9f148171740c3dc3bc40a682b944,valid
ufpr04_balanced_v1,evaluation,20260902,1,Sunny/2012-12-07/2012-12-07_18_27_26.jpg,Sunny/2012-12-07/2012-12-07_18_27_26.xml,Sunny,2012-12-07,18:27:26,1280,720,28,28,0,26,2,0.928571,b80d9ba5b5ead5ad232dfdf1fd208706d1f0481d60996353407341c75febf517,069bd2439114481fabf45791cb172860baf7dd1e281f073da3de132d59d00956,valid
ufpr04_balanced_v1,evaluation,20260902,1,Sunny/2012-12-07/2012-12-07_18_42_26.jpg,Sunny/2012-12-07/2012-12-07_18_42_26.xml,Sunny,2012-12-07,18:42:26,1280,720,28,27,1,22,5,0.814815,a8daf0a6bfdfef1e7de9f0921858958a9dcaf5c931a5dd9ca0d1151a844d8955,737341878ae109eb6ca15ff0dd6ec1c98d2573a0f46e145c1fd06f84f6858c5a,valid
ufpr04_balanced_v1,evaluation,20260902,1,Sunny/2012-12-07/2012-12-07_18_57_27.jpg,Sunny/2012-12-07/2012-12-07_18_57_27.xml,Sunny,2012-12-07,18:57:27,1280,720,28,28,0,18,10,0.642857,c7d21602135b0e7fe14a819e0b282a5adbf5fe15e04c6fcf51eb82bae14ab9f3,89177ca320d920d230e5d8c414c315e2b01e01e2c6f9949af2f5d964da36126c,valid
ufpr04_balanced_v1,evaluation,20260902,1,Sunny/2012-12-07/2012-12-07_19_27_27.jpg,Sunny/2012-12-07/2012-12-07_19_27_27.xml,Sunny,2012-12-07,19:27:27,1280,720,28,27,1,17,10,0.629630,89d0ad632fc9e0191ce688867672db72d28801fde0d91298c88581e8dfe2e966,ee45b62e5f2da8dc38a2b8580ed0052bb00ab7cada1141bc5d5c273d477e4178,valid
ufpr04_balanced_v1,evaluation,20260902,1,Sunny/2012-12-07/2012-12-07_19_42_28.jpg,Sunny/2012-12-07/2012-12-07_19_42_28.xml,Sunny,2012-12-07,19:42:28,1280,720,28,28,0,17,11,0.607143,3add0994e886cbeff2600a1f71f3eb96d701631ca4ffcb7dd60e10d6afbb4657,02681cb83fd532ff0889f8edc5c48a9462810f8f40c07d1511a88c945dd114fd,valid
ufpr04_balanced_v1,evaluation,20260902,1,Sunny/2012-12-07/2012-12-07_20_12_28.jpg,Sunny/2012-12-07/2012-12-07_20_12_28.xml,Sunny,2012-12-07,20:12:28,1280,720,28,28,0,18,10,0.642857,1bcade94ac07c385682c1456138a02edfcffaef98a41b0e21992e9599833f208,ad6070024ee0609f9c862840ab40bfec73a5c80264f197bb5193bff7b7030969,valid
ufpr04_balanced_v1,evaluation,20260902,1,Sunny/2012-12-07/2012-12-07_20_42_29.jpg,Sunny/2012-12-07/2012-12-07_20_42_29.xml,Sunny,2012-12-07,20:42:29,1280,720,28,28,0,17,11,0.607143,d06d8b905ada875f47673c5fb214c93f21ed3e0077455c7cecd2be855d678978,471da1c55ff04cd9149163058588ee8176da6a5b590925b0812ec28d84f81128,valid
ufpr04_balanced_v1,evaluation,20260902,1,Cloudy/2012-12-22/2012-12-22_09_55_05.jpg,Cloudy/2012-12-22/2012-12-22_09_55_05.xml,Cloudy,2012-12-22,09:55:05,1280,720,28,28,0,0,28,0.000000,4f3b048858d05d27dd47fb0b3fa517f30e4f05fd8db7862603f81a2fa67aad32,5b32d20b8db9d150ad316af2d8aa489f031ccfb2613a7c540b431f6562218612,valid
ufpr04_balanced_v1,evaluation,20260902,1,Cloudy/2012-12-22/2012-12-22_10_40_06.jpg,Cloudy/2012-12-22/2012-12-22_10_40_06.xml,Cloudy,2012-12-22,10:40:06,1280,720,28,28,0,1,27,0.035714,ad7456a5ca8c0f953b4a9c27eae1fa1e1108a0c602c6c14edfc223a89db7470a,1a0bce2bb9398901f21a511ec6026f5cfce04868654ac3feda625e95bcaf2268,valid
ufpr04_balanced_v1,evaluation,20260902,1,Cloudy/2012-12-22/2012-12-22_12_25_08.jpg,Cloudy/2012-12-22/2012-12-22_12_25_08.xml,Cloudy,2012-12-22,12:25:08,1280,720,28,28,0,1,27,0.035714,ea52520c08f35776e7df0b4222bf7f527559ca3baabb1fb66bb0635d13ecceb2,1a0bce2bb9398901f21a511ec6026f5cfce04868654ac3feda625e95bcaf2268,valid
ufpr04_balanced_v1,evaluation,20260902,1,Cloudy/2012-12-22/2012-12-22_13_40_09.jpg,Cloudy/2012-12-22/2012-12-22_13_40_09.xml,Cloudy,2012-12-22,13:40:09,1280,720,28,28,0,1,27,0.035714,e3cd4271a10b3db27dd5ba53ccaae92d8f565453ce2435588a890a1c15f346d3,1a0bce2bb9398901f21a511ec6026f5cfce04868654ac3feda625e95bcaf2268,valid
ufpr04_balanced_v1,evaluation,20260902,1,Cloudy/2012-12-22/2012-12-22_14_40_10.jpg,Cloudy/2012-12-22/2012-12-22_14_40_10.xml,Cloudy,2012-12-22,14:40:10,1280,720,28,28,0,0,28,0.000000,89e5138a39218d3d9df8cd3e0549fc95f67a31085a73840f50f6c844f8db6e5b,5b32d20b8db9d150ad316af2d8aa489f031ccfb2613a7c540b431f6562218612,valid
ufpr04_balanced_v1,evaluation,20260902,1,Cloudy/2012-12-22/2012-12-22_15_25_11.jpg,Cloudy/2012-12-22/2012-12-22_15_25_11.xml,Cloudy,2012-12-22,15:25:11,1280,720,28,28,0,0,28,0.000000,d1e2f873657126eff97827295685a7f451fd861308683d0f3fcbb13b72902be2,5b32d20b8db9d150ad316af2d8aa489f031ccfb2613a7c540b431f6562218612,valid
ufpr04_balanced_v1,evaluation,20260902,1,Cloudy/2012-12-22/2012-12-22_16_10_12.jpg,Cloudy/2012-12-22/2012-12-22_16_10_12.xml,Cloudy,2012-12-22,16:10:12,1280,720,28,28,0,0,28,0.000000,79382d44004294d20a1423d21c4c3fe636a7c9404fb6ffe53d72ff3de2b23049,5b32d20b8db9d150ad316af2d8aa489f031ccfb2613a7c540b431f6562218612,valid
ufpr04_balanced_v1,evaluation,20260902,1,Cloudy/2012-12-22/2012-12-22_17_40_14.jpg,Cloudy/2012-12-22/2012-12-22_17_40_14.xml,Cloudy,2012-12-22,17:40:14,1280,720,28,28,0,0,28,0.000000,cd82c60d65a93fc6b4fac409913431c53513eb3705ba5457834cd054dfc87a33,5b32d20b8db9d150ad316af2d8aa489f031ccfb2613a7c540b431f6562218612,valid
ufpr04_balanced_v1,evaluation,20260902,1,Cloudy/2012-12-22/2012-12-22_18_55_16.jpg,Cloudy/2012-12-22/2012-12-22_18_55_16.xml,Cloudy,2012-12-22,18:55:16,1280,720,28,28,0,0,28,0.000000,60968dc6ffdd467e4ba8e30862c748953ce7cd956ee4c52c6068db140703a93c,5b32d20b8db9d150ad316af2d8aa489f031ccfb2613a7c540b431f6562218612,valid
ufpr04_balanced_v1,evaluation,20260902,1,Cloudy/2012-12-22/2012-12-22_20_25_17.jpg,Cloudy/2012-12-22/2012-12-22_20_25_17.xml,Cloudy,2012-12-22,20:25:17,1280,720,28,28,0,0,28,0.000000,9176b91bed111d2d9f3e106be913ef3f84c3f728b6280e6b68ad67b676772008,5b32d20b8db9d150ad316af2d8aa489f031ccfb2613a7c540b431f6562218612,valid
ufpr04_balanced_v1,evaluation,20260902,2,Rainy/2013-01-17/2013-01-17_07_50_03.jpg,Rainy/2013-01-17/2013-01-17_07_50_03.xml,Rainy,2013-01-17,07:50:03,1280,720,28,28,0,0,28,0.000000,7d5a59c5da8b1334eec07d190385f352c0b71f16b1d87cfc41773c832cd99e5f,132803bcd1b58256420ed6efd95d7c5477c2435426d90f2e8530b32844dcd206,valid
ufpr04_balanced_v1,evaluation,20260902,2,Rainy/2013-01-17/2013-01-17_08_05_03.jpg,Rainy/2013-01-17/2013-01-17_08_05_03.xml,Rainy,2013-01-17,08:05:03,1280,720,28,28,0,0,28,0.000000,07e1e5de6515c59024c4c3351a155d87c430c75d1056523a9b1c19b0bf50bffa,132803bcd1b58256420ed6efd95d7c5477c2435426d90f2e8530b32844dcd206,valid
ufpr04_balanced_v1,evaluation,20260902,2,Rainy/2013-01-17/2013-01-17_08_20_04.jpg,Rainy/2013-01-17/2013-01-17_08_20_04.xml,Rainy,2013-01-17,08:20:04,1280,720,28,28,0,0,28,0.000000,5a06a0ff2c40da58a65de164235fcede25da74f00073dcdf946428c0175165a3,132803bcd1b58256420ed6efd95d7c5477c2435426d90f2e8530b32844dcd206,valid
ufpr04_balanced_v1,evaluation,20260902,2,Rainy/2013-01-17/2013-01-17_08_35_04.jpg,Rainy/2013-01-17/2013-01-17_08_35_04.xml,Rainy,2013-01-17,08:35:04,1280,720,28,28,0,1,27,0.035714,fd004072ce1d79fe703b5bccd81cb5a55083d46fe817b6626d355071f9dbc3b1,6a2bc2a3c2a998e4c871c32ad5423cc938cb8a276b09de78e3be4dcda42200da,valid
ufpr04_balanced_v1,evaluation,20260902,2,Rainy/2013-01-17/2013-01-17_08_50_04.jpg,Rainy/2013-01-17/2013-01-17_08_50_04.xml,Rainy,2013-01-17,08:50:04,1280,720,28,28,0,2,26,0.071429,76529837cfaf3495285e5587b11fa4a03b1f314292d95dadd101d40eee0e1d17,0d89ca3e3bf72b8757a0557d4300165319e9420df5de6a86065df2323938fb3a,valid
ufpr04_balanced_v1,evaluation,20260902,2,Rainy/2013-01-17/2013-01-17_09_20_05.jpg,Rainy/2013-01-17/2013-01-17_09_20_05.xml,Rainy,2013-01-17,09:20:05,1280,720,28,26,2,5,21,0.192308,ac264ef9e83273f8a0b1beb59fa75707c687019d5163f4d498e83546dc9c5501,ff6d14152fb390eda6fd0c7d9820f425968468e0888b9941df86e1dda6fe6484,valid
ufpr04_balanced_v1,evaluation,20260902,2,Rainy/2013-01-17/2013-01-17_09_35_05.jpg,Rainy/2013-01-17/2013-01-17_09_35_05.xml,Rainy,2013-01-17,09:35:05,1280,720,28,27,1,7,20,0.259259,f1d8ecaafe5ad79d0f9748b3679eb2f0bf8c16d5ef260e842efa9c5070333850,20afbf8d982911589466e2ee7f0377be8b7a33e8808b5f81276f0cfb78fa4d82,valid
ufpr04_balanced_v1,evaluation,20260902,2,Rainy/2013-01-17/2013-01-17_09_50_05.jpg,Rainy/2013-01-17/2013-01-17_09_50_05.xml,Rainy,2013-01-17,09:50:05,1280,720,28,28,0,6,22,0.214286,e6d04cdf2b26297231bdc3298cc3f12c3a1db643ad33654c5b8f1e3072608fe3,c1bfd196a0552fde212600899080a37625b1f76f424c5c1413f5c57035f65532,valid
ufpr04_balanced_v1,evaluation,20260902,2,Rainy/2013-01-17/2013-01-17_10_05_06.jpg,Rainy/2013-01-17/2013-01-17_10_05_06.xml,Rainy,2013-01-17,10:05:06,1280,720,28,28,0,7,21,0.250000,b603311c443178d21ebffcf0e9c87b3611ba3738d0e1f0710e1da5afe266768e,4de94c38ccd63559132ef45d6487bed7123b5e0295c3b0af881cd5fb6e225383,valid
ufpr04_balanced_v1,evaluation,20260902,2,Rainy/2013-01-17/2013-01-17_10_20_06.jpg,Rainy/2013-01-17/2013-01-17_10_20_06.xml,Rainy,2013-01-17,10:20:06,1280,720,28,26,2,8,18,0.307692,9f511b213d78adedb5121149d15e85ac16131d88769c76ec27339f26a96faf3c,bda091b48ffba107ebbbd3d1850d1ad83b947d3be6fd69e06db3df7bb171b026,valid
