image_relpath,split,weather,acquisition_date,capture_time,source_labeled_space_count,source_occupied_count,source_vacant_count,source_unlabeled_space_count,official_space_count,official_occupied_count,official_available_count
Sunny/2013-01-18/2013-01-18_07_55_03.jpg,smoke,Sunny,2013-01-18,07:55:03,28,1,27,0,35,1,34
Sunny/2013-01-18/2013-01-18_08_25_03.jpg,smoke,Sunny,2013-01-18,08:25:03,28,0,28,0,35,0,35
Sunny/2013-01-18/2013-01-18_09_40_05.jpg,smoke,Sunny,2013-01-18,09:40:05,28,5,23,0,35,8,27
Sunny/2013-01-18/2013-01-18_10_25_06.jpg,smoke,Sunny,2013-01-18,10:25:06,28,6,22,0,35,13,22
Sunny/2013-01-18/2013-01-18_11_40_07.jpg,smoke,Sunny,2013-01-18,11:40:07,28,6,22,0,35,13,22
Sunny/2013-01-18/2013-01-18_12_25_08.jpg,smoke,Sunny,2013-01-18,12:25:08,28,4,24,0,35,11,24
Sunny/2013-01-18/2013-01-18_13_10_09.jpg,smoke,Sunny,2013-01-18,13:10:09,28,5,23,0,35,11,24
Sunny/2013-01-18/2013-01-18_14_10_10.jpg,smoke,Sunny,2013-01-18,14:10:10,28,5,23,0,35,11,24
Sunny/2013-01-18/2013-01-18_14_40_10.jpg,smoke,Sunny,2013-01-18,14:40:10,28,5,23,0,35,10,25
Sunny/2013-01-18/2013-01-18_16_25_12.jpg,smoke,Sunny,2013-01-18,16:25:12,28,5,23,0,35,11,24
Cloudy/2013-01-22/2013-01-22_12_45_08.jpg,smoke,Cloudy,2013-01-22,12:45:08,28,22,6,0,35,28,7
Cloudy/2013-01-22/2013-01-22_13_15_08.jpg,smoke,Cloudy,2013-01-22,13:15:08,28,23,5,0,35,30,5
Cloudy/2013-01-22/2013-01-22_14_15_09.jpg,smoke,Cloudy,2013-01-22,14:15:09,28,28,0,0,35,35,0
Cloudy/2013-01-22/2013-01-22_15_00_10.jpg,smoke,Cloudy,2013-01-22,15:00:10,28,28,0,0,35,35,0
Cloudy/2013-01-22/2013-01-22_16_30_11.jpg,smoke,Cloudy,2013-01-22,16:30:11,28,26,2,0,35,33,2
Cloudy/2013-01-22/2013-01-22_17_30_12.jpg,smoke,Cloudy,2013-01-22,17:30:12,28,22,6,0,35,26,9
Cloudy/2013-01-22/2013-01-22_17_45_13.jpg,smoke,Cloudy,2013-01-22,17:45:13,28,24,4,0,35,27,8
Cloudy/2013-01-22/2013-01-22_18_45_14.jpg,smoke,Cloudy,2013-01-22,18:45:14,28,19,9,0,35,26,9
Cloudy/2013-01-22/2013-01-22_20_00_15.jpg,smoke,Cloudy,2013-01-22,20:00:15,28,28,0,0,35,35,0
Cloudy/2013-01-22/2013-01-22_21_15_16.jpg,smoke,Cloudy,2013-01-22,21:15:16,28,23,5,0,35,29,6
Rainy/2012-12-26/2012-12-26_15_35_11.jpg,smoke,Rainy,2012-12-26,15:35:11,28,0,28,0,37,0,37
Rainy/2012-12-26/2012-12-26_16_25_12.jpg,smoke,Rainy,2012-12-26,16:25:12,28,0,28,0,37,0,37
Rainy/2012-12-26/2012-12-26_16_40_13.jpg,smoke,Rainy,2012-12-26,16:40:13,28,0,28,0,37,0,37
Rainy/2012-12-26/2012-12-26_17_10_13.jpg,smoke,Rainy,2012-12-26,17:10:13,28,0,28,0,37,1,36
Rainy/2012-12-26/2012-12-26_17_40_14.jpg,smoke,Rainy,2012-12-26,17:40:14,28,0,28,0,37,0,37
Rainy/2012-12-26/2012-12-26_18_10_14.jpg,smoke,Rainy,2012-12-26,18:10:14,28,0,28,0,37,0,37
Rainy/2012-12-26/2012-12-26_18_25_15.jpg,smoke,Rainy,2012-12-26,18:25:15,28,1,27,0,37,1,36
Rainy/2012-12-26/2012-12-26_19_10_16.jpg,smoke,Rainy,2012-12-26,19:10:16,28,1,27,0,37,1,36
Rainy/2012-12-26/2012-12-26_19_25_16.jpg,smoke,Rainy,2012-12-26,19:25:16,28,1,27,0,37,1,36
Rainy/2012-12-26/2012-12-26_19_55_16.jpg,smoke,Rainy,2012-12-26,19:55:16,28,1,27,0,37,1,36
Sunny/2012-12-21/2012-12-21_09_45_05.jpg,calibration,Sunny,2012-12-21,09:45:05,28,28,0,0,37,37,0
Sunny/2012-12-21/2012-12-21_10_45_06.jpg,calibration,Sunny,2012-12-21,10:45:06,28,24,4,0,37,32,5
Sunny/2012-12-21/2012-12-21_11_00_06.jpg,calibration,Sunny,2012-12-21,11:00:06,28,25,3,0,37,34,3
Sunny/2012-12-21/2012-12-21_12_00_07.jpg,calibration,Sunny,2012-12-21,12:00:07,28,25,3,0,37,34,3
Sunny/2012-12-21/2012-12-21_13_00_08.jpg,calibration,Sunny,2012-12-21,13:00:08,28,18,10,0,37,25,12
Sunny/2012-12-21/2012-12-21_14_30_10.jpg,calibration,Sunny,2012-12-21,14:30:10,28,19,9,0,37,27,10
Sunny/2012-12-21/2012-12-21_14_45_10.jpg,calibration,Sunny,2012-12-21,14:45:10,28,20,8,0,37,28,9
Sunny/2012-12-21/2012-12-21_15_45_11.jpg,calibration,Sunny,2012-12-21,15:45:11,28,18,10,0,37,27,10
Sunny/2012-12-21/2012-12-21_16_30_12.jpg,calibration,Sunny,2012-12-21,16:30:12,28,16,12,0,37,23,14
Sunny/2012-12-21/2012-12-21_18_00_14.jpg,calibration,Sunny,2012-12-21,18:00:14,28,15,13,0,37,20,17
Cloudy/2012-12-28/2012-12-28_10_35_06.jpg,calibration,Cloudy,2012-12-28,10:35:06,28,0,28,0,35,2,33
Cloudy/2012-12-28/2012-12-28_11_50_07.jpg,calibration,Cloudy,2012-12-28,11:50:07,28,0,28,0,35,1,34
Cloudy/2012-12-28/2012-12-28_12_35_08.jpg,calibration,Cloudy,2012-12-28,12:35:08,28,0,28,0,35,1,34
Cloudy/2012-12-28/2012-12-28_13_50_09.jpg,calibration,Cloudy,2012-12-28,13:50:09,28,0,28,0,35,1,34
Cloudy/2012-12-28/2012-12-28_14_20_10.jpg,calibration,Cloudy,2012-12-28,14:20:10,28,0,28,0,35,0,35
Cloudy/2012-12-28/2012-12-28_15_35_11.jpg,calibration,Cloudy,2012-12-28,15:35:11,28,0,28,0,35,0,35
Cloudy/2012-12-28/2012-12-28_16_50_12.jpg,calibration,Cloudy,2012-12-28,16:50:12,28,1,27,0,35,1,34
Cloudy/2012-12-28/2012-12-28_18_05_14.jpg,calibration,Cloudy,2012-12-28,18:05:14,28,1,27,0,35,1,34
Cloudy/2012-12-28/2012-12-28_19_20_15.jpg,calibration,Cloudy,2012-12-28,19:20:15,28,1,27,0,35,1,34
Cloudy/2012-12-28/2012-12-28_20_50_17.jpg,calibration,Cloudy,2012-12-28,20:50:17,28,0,28,0,35,0,35
Rainy/2013-01-21/2013-01-21_07_40_02.jpg,calibration,Rainy,2013-01-21,07:40:02,28,0,28,0,35,1,34
Rainy/2013-01-21/2013-01-21_07_55_03.jpg,calibration,Rainy,2013-01-21,07:55:03,28,0,28,0,35,1,34
Rainy/2013-01-21/2013-01-21_08_10_03.jpg,calibration,Rainy,2013-01-21,08:10:03,28,3,25,0,35,7,28
Rainy/2013-01-21/2013-01-21_08_25_03.jpg,calibration,Rainy,2013-01-21,08:25:03,28,25,3,0,35,32,3
Rainy/2013-01-21/2013-01-21_08_55_04.jpg,calibration,Rainy,2013-01-21,08:55:04,28,28,0,0,35,35,0
Rainy/2013-01-21/2013-01-21_09_10_04.jpg,calibration,Rainy,2013-01-21,09:10:04,28,28,0,0,35,35,0
Rainy/2013-01-21/2013-01-21_09_25_04.jpg,calibration,Rainy,2013-01-21,09:25:04,28,28,0,0,35,35,0
Rainy/2013-01-21/2013-01-21_09_40_05.jpg,calibration,Rainy,2013-01-21,09:40:05,28,28,0,0,35,35,0
Rainy/2013-01-21/2013-01-21_09_55_05.jpg,calibration,Rainy,2013-01-21,09:55:05,28,28,0,0,35,35,0
Rainy/2013-01-21/2013-01-21_10_25_05.jpg,calibration,Rainy,2013-01-21,10:25:05,28,28,0,0,35,35,0
Sunny/2012-12-07/2012-12-07_17_12_25.jpg,evaluation,Sunny,2012-12-07,17:12:25,28,27,1,0,37,36,1
Sunny/2012-12-07/2012-12-07_17_27_25.jpg,evaluation,Sunny,2012-12-07,17:27:25,28,26,2,0,37,35,2
Sunny/2012-12-07/2012-12-07_17_57_26.jpg,evaluation,Sunny,2012-12-07,17:57:26,27,22,5,1,37,31,6
Sunny/2012-12-07/2012-12-07_18_27_26.jpg,evaluation,Sunny,2012-12-07,18:27:26,28,26,2,0,37,33,4
Sunny/2012-12-07/2012-12-07_18_42_26.jpg,evaluation,Sunny,2012-12-07,18:42:26,27,22,5,1,37,30,7
Sunny/2012-12-07/2012-12-07_18_57_27.jpg,evaluation,Sunny,2012-12-07,18:57:27,28,18,10,0,37,25,12
Sunny/2012-12-07/2012-12-07_19_27_27.jpg,evaluation,Sunny,2012-12-07,19:27:27,27,17,10,1,37,24,13
Sunny/2012-12-07/2012-12-07_19_42_28.jpg,evaluation,Sunny,2012-12-07,19:42:28,28,17,11,0,37,25,12
Sunny/2012-12-07/2012-12-07_20_12_28.jpg,evaluation,Sunny,2012-12-07,20:12:28,28,18,10,0,37,24,13
Sunny/2012-12-07/2012-12-07_20_42_29.jpg,evaluation,Sunny,2012-12-07,20:42:29,28,17,11,0,37,22,15
Cloudy/2012-12-22/2012-12-22_09_55_05.jpg,evaluation,Cloudy,2012-12-22,09:55:05,28,0,28,0,37,0,37
Cloudy/2012-12-22/2012-12-22_10_40_06.jpg,evaluation,Cloudy,2012-12-22,10:40:06,28,1,27,0,37,1,36
Cloudy/2012-12-22/2012-12-22_12_25_08.jpg,evaluation,Cloudy,2012-12-22,12:25:08,28,1,27,0,37,1,36
Cloudy/2012-12-22/2012-12-22_13_40_09.jpg,evaluation,Cloudy,2012-12-22,13:40:09,28,1,27,0,37,1,36
Cloudy/2012-12-22/2012-12-22_14_40_10.jpg,evaluation,Cloudy,2012-12-22,14:40:10,28,0,28,0,37,0,37
Cloudy/2012-12-22/2012-12-22_15_25_11.jpg,evaluation,Cloudy,2012-12-22,15:25:11,28,0,28,0,37,0,37
Cloudy/2012-12-22/2012-12-22_16_10_12.jpg,evaluation,Cloudy,2012-12-22,16:10:12,28,0,28,0,37,0,37
Cloudy/2012-12-22/2012-12-22_17_40_14.jpg,evaluation,Cloudy,2012-12-22,17:40:14,28,0,28,0,37,0,37
Cloudy/2012-12-22/2012-12-22_18_55_16.jpg,evaluation,Cloudy,2012-12-22,18:55:16,28,0,28,0,37,0,37
Cloudy/2012-12-22/2012-12-22_20_25_17.jpg,evaluation,Cloudy,2012-12-22,20:25:17,28,0,28,0,37,0,37
Rainy/2013-01-17/2013-01-17_07_50_03.jpg,evaluation,Rainy,2013-01-17,07:50:03,28,0,28,0,35,0,35
Rainy/2013-01-17/2013-01-17_08_05_03.jpg,evaluation,Rainy,2013-01-17,08:05:03,28,0,28,0,35,0,35
Rainy/2013-01-17/2013-01-17_08_20_04.jpg,evaluation,Rainy,2013-01-17,08:20:04,28,0,28,0,35,0,35
Rainy/2013-01-17/2013-01-17_08_35_04.jpg,evaluation,Rainy,2013-01-17,08:35:04,28,1,27,0,35,1,34
Rainy/2013-01-17/2013-01-17_08_50_04.jpg,evaluation,Rainy,2013-01-17,08:50:04,28,2,26,0,35,3,32
Rainy/2013-01-17/2013-01-17_09_20_05.jpg,evaluation,Rainy,2013-01-17,09:20:05,26,5,21,2,35,7,28
Rainy/2013-01-17/2013-01-17_09_35_05.jpg,evaluation,Rainy,2013-01-17,09:35:05,27,7,20,1,35,10,25
Rainy/2013-01-17/2013-01-17_09_50_05.jpg,evaluation,Rainy,2013-01-17,09:50:05,28,6,22,0,35,10,25
Rainy/2013-01-17/2013-01-17_10_05_06.jpg,evaluation,Rainy,2013-01-17,10:05:06,28,7,21,0,35,11,24
Rainy/2013-01-17/2013-01-17_10_20_06.jpg,evaluation,Rainy,2013-01-17,10:20:06,26,8,18,2,35,12,23
